Customer_ID,Customer_Name,Email_Address,Phone_Number,Account_Number,Account_Balance
1001,Joanna Oneill,charles@yahoo.com,23481398214359,1576951818,23247.26
1002,Daniel Williams,danny@hotmail.com,23481489766149,3089378173,66559.57
1003,Connie Shields,tanner@yahoo.com,23487868446134,5768436968,49993.45
1004,Heather Williams,patricia@gmail.com,23489981934350,1912995701,67964.3
1005,Samantha Oconnell,travis@gmail.com,23489122628256,1863034397,32433.57
1006,Benjamin Glass II,christopher@yahoo.com,23480893978083,4220863567,23230.3
1007,Kelly Schultz,alan@hotmail.com,23480841614639,6119106378,77197.16
1008,Deborah Reyes,kathryn@hotmail.com,23481371638319,9038527558,91735.1
1009,Steven Harmon,anthony@hotmail.com,23487432074523,3733461689,79580.93
1010,Kimberly Vargas,karen@gmail.com,23489972147112,5637747791,10632.64
1011,David Austin,david@gmail.com,23480674355978,5663076330,88087.47
1012,Susan Lin,melanie@hotmail.com,23481575026390,5830470599,72843.5
1013,Brandon Esparza,peter@yahoo.com,23487108446160,5570972363,38469.94
1014,John Moreno,michelle@yahoo.com,23487374377213,9717351872,97334.64
1015,Christina Bennett,brian@hotmail.com,23489196905548,6303340258,92245.34
1016,Timothy Anderson,richard@gmail.com,23481419355409,4266466941,6286.47
1017,Rebecca Luna,debra@yahoo.com,23481272042677,1040830454,25123.34
1018,Scott Vargas,isaiah@gmail.com,23487777909802,5102611752,3838.09
1019,Michael Scott DDS,susan@hotmail.com,23489972144388,1179784541,75018.5
1020,Tina Williams,anne@gmail.com,23487947523110,4400697308,44208.69
1021,Christopher Burton,david@gmail.com,23480394244475,7382004228,37494.78
1022,Michael Fowler,jamie@gmail.com,23480983901883,8545878040,63166.28
1023,Sharon Parsons,john@hotmail.com,23487605830413,7890723343,3043.0
1024,Aaron Crawford,nancy@hotmail.com,23487457257753,6740439400,17489.32
1025,Sara Cook,jerry@yahoo.com,23487980727404,7006388717,10855.33
1026,Tiffany Davis,eric@yahoo.com,23480985193689,3623404941,45006.01
1027,Michael Smith,ebony@gmail.com,23481849989538,9483870638,13408.34
1028,Greg Guzman,melanie@hotmail.com,23489643672548,9044806328,63775.84
1029,Marcus Charles,tyler@hotmail.com,23480477802873,4462904162,55691.18
1030,Matthew Lang,jennifer@yahoo.com,23487746517065,5308215823,19652.22
1031,Thomas Payne,christopher@yahoo.com,23489586686097,4973004177,49161.19
1032,Ryan Hayes,george@gmail.com,23480918164904,9700231170,67917.02
1033,Julie Pearson,garrett@yahoo.com,23480788668793,7574002953,22627.1
1034,Tracey Parker,kara@gmail.com,23481776625216,6362428326,74241.18
1035,Mark Mejia,travis@hotmail.com,23487949350526,9030957760,43462.89
1036,Nicole Jackson,lee@yahoo.com,23481103302620,7506506106,52900.09
1037,Benjamin Ray,christopher@gmail.com,23487314829236,3835659453,79021.42
1038,Megan Allen,james@hotmail.com,23489436856223,2383767931,8693.23
1039,Kimberly Archer,eddie@yahoo.com,23480219000878,8017020095,2521.88
1040,Jennifer Williams,angela@hotmail.com,23481368009789,4751372582,95987.25
1041,Erin Rivera,morgan@hotmail.com,23481737819952,8455260207,9710.99
1042,Nancy Lawrence,lisa@gmail.com,23487951093177,8206651996,3420.6
1043,Jennifer Sullivan,amber@gmail.com,23489584783589,7376034192,14142.2
1044,Jacqueline Harris,joseph@hotmail.com,23487889385047,4410033885,623.1
1045,Hector Mccoy,brian@gmail.com,23481379902891,6791050254,77461.13
1046,James Smith,barbara@yahoo.com,23481838161934,6947922164,56872.67
1047,Jacob Snyder,stephanie@gmail.com,23489958487371,3607791648,86462.67
1048,Kathryn Mitchell,kimberly@gmail.com,23489313313546,4057767497,34137.06
1049,Andrew Gomez,tiffany@hotmail.com,23480545062150,1136346958,68267.88
1050,Kari Mason,patrick@gmail.com,23489295302103,5669015536,95778.59
1051,Justin Barron,timothy@hotmail.com,23487505144293,3004903816,72855.52
1052,Joseph Le,megan@hotmail.com,23481122263644,9145012813,52862.63
1053,Carly Gray,derrick@gmail.com,23480699717002,5101913760,19094.68
1054,Ethan Lee,bryan@gmail.com,23481195537862,3322150992,20826.73
1055,Judith Hicks,robert@gmail.com,23487312886716,2045206074,82774.82
1056,Nicholas Valencia,holly@gmail.com,23489852973431,4006086273,50134.94
1057,Danielle Solomon,kevin@hotmail.com,23481153454051,5747956127,35712.87
1058,Mariah Mckee,rebecca@hotmail.com,23487763576795,1125506598,89985.6
1059,Justin Rogers,lisa@yahoo.com,23487744666787,2204127801,85356.82
1060,Michelle Frye,alexandra@gmail.com,23489260257262,8383800349,80179.43
1061,Wesley Yu,seth@gmail.com,23480495051256,8155126397,43943.92
1062,Rachel Phillips,elizabeth@yahoo.com,23481709072427,3880210528,62584.52
1063,Mary Simpson,carolyn@yahoo.com,23480115155764,3858199245,87410.29
1064,Jessica Soto,frank@yahoo.com,23487930388241,3112946882,56958.33
1065,Gwendolyn Hudson,sabrina@yahoo.com,23487988260922,9867677356,12806.52
1066,Danielle Ali,lee@gmail.com,23487227251665,6769110814,51772.96
1067,Justin Austin,dustin@gmail.com,23481866183203,8408939222,10181.21
1068,Leah Nichols,angela@hotmail.com,23481304595238,2002305548,49921.35
1069,Brian Bryant,jessica@hotmail.com,23489409196813,2112800039,5242.75
1070,Ashley Reynolds,jack@gmail.com,23487510248318,2249734561,54099.75
1071,Madison Hunt,kyle@yahoo.com,23481563114070,1478384314,2351.99
1072,Jason Ortiz,kenneth@gmail.com,23481744333988,5045892188,82150.65
1073,William Romero,jeffery@gmail.com,23481984858711,7755292104,29060.66
1074,Tammy Morrison,timothy@yahoo.com,23489880296841,4165038256,82832.04
1075,Paula Brown,sarah@hotmail.com,23481549179485,2334871184,39103.6
1076,Ryan Wilson,matthew@hotmail.com,23481538649410,7114738485,35854.73
1077,Marcus Chan,marcus@hotmail.com,23481130894901,8607593563,87257.01
1078,Jean Martin,dana@hotmail.com,23489381105036,3537363541,15870.52
1079,Christina Suarez,tina@yahoo.com,23481763229105,5752750352,28878.09
1080,Emma Jones,michelle@hotmail.com,23487366629382,9629398996,53488.94
1081,Sandra Jones,kevin@hotmail.com,23489725887408,8955834329,24215.7
1082,Andrew Cox,dustin@yahoo.com,23487192061206,2356892801,51824.2
1083,Michael Vargas,melissa@gmail.com,23480603457793,6235153847,61163.61
1084,James Henderson,laura@hotmail.com,23481447082726,8215463132,31292.71
1085,Todd Logan,mark@yahoo.com,23487837502201,2217162916,61902.63
1086,Jeffrey Anderson,sherri@hotmail.com,23481865938642,9737440352,54639.57
1087,Lance Wells,allison@gmail.com,23487860695792,6669955364,89191.66
1088,Katherine Garcia,stacy@hotmail.com,23487890385760,3957514493,58318.97
1089,Jeffrey Cruz,jason@yahoo.com,23489178442874,7760158051,93699.0
1090,Maria Kim,steven@hotmail.com,23480698074168,6221413488,98494.9
1091,John Donovan,adrian@yahoo.com,23480155955489,9446034734,65357.88
1092,Natalie Palmer,jason@gmail.com,23489352159078,8774793517,3324.25
1093,Gabrielle Hogan,ian@gmail.com,23487480428530,4078487866,42198.43
1094,Sharon Roberts,alan@hotmail.com,23480105756315,4159917292,20131.07
1095,Terrance Brown,brenda@yahoo.com,23489641747843,4333061009,88814.0
1096,Pamela Munoz,sheri@yahoo.com,23487424814794,8974804213,6033.26
1097,Emma Watts,thomas@yahoo.com,23487820762108,8419107020,20502.91
1098,Shawn Anderson,leah@hotmail.com,23489241989740,9682559090,81694.56
1099,Kevin Jones,diana@yahoo.com,23480723293073,6979820993,33027.96
1100,Kevin George,john@gmail.com,23481379486036,6975857369,75758.74
1101,Michael Underwood,karen@gmail.com,23481640893920,9898412960,91240.72
1102,Kim Rodriguez,felicia@hotmail.com,23487464188244,8416354530,6326.62
1103,James Garcia,melissa@hotmail.com,23487241647522,4964528773,49406.16
1104,Julie Serrano,christina@gmail.com,23480440716951,7648652474,80585.64
1105,James Hobbs,rachael@gmail.com,23487252252010,1417984375,56429.23
1106,Antonio Johnson,james@hotmail.com,23489225458204,6600955228,61039.17
1107,John Perez,lori@gmail.com,23489147418754,3811631556,83516.85
1108,Carrie Lynch,drew@yahoo.com,23481636023317,3478872199,80768.0
1109,Bruce Lowe,james@hotmail.com,23489902969226,7367038689,34649.97
1110,Heather Anderson,elizabeth@gmail.com,23489561801350,4853522356,7169.23
1111,Benjamin Nelson,charles@hotmail.com,23489382626443,1900939604,41682.39
1112,Stacy Martin,evelyn@hotmail.com,23489655095194,3797045905,73955.01
1113,Alexis Decker,debbie@gmail.com,23489567910238,4686932034,92943.42
1114,Grace Wells,cynthia@yahoo.com,23481438811626,9515634004,88763.11
1115,Kelly Thompson,kimberly@gmail.com,23487919990226,1241941984,47929.27
1116,Albert Carr,nicole@hotmail.com,23481696651173,3035280879,13033.51
1117,Donna Harmon,eric@yahoo.com,23487157146895,5059015523,72360.64
1118,Reginald Bryant,michael@gmail.com,23481259580383,8398297717,10495.72
1119,Shannon Calhoun,benjamin@yahoo.com,23480346810881,2052271302,49710.01
1120,Ashley Armstrong,brandon@gmail.com,23481138506797,1510253039,22601.98
1121,Christopher Schroeder,patricia@hotmail.com,23487379413359,6998543735,35090.74
1122,Abigail Hutchinson,juan@gmail.com,23481858021852,8495577948,47811.5
1123,Melissa Mcfarland,kirsten@gmail.com,23487568613005,6936078258,78176.03
1124,Rebecca Medina,bailey@hotmail.com,23480631406400,7206735763,87657.34
1125,Michael Hernandez,michael@gmail.com,23480574078155,1049832004,22852.74
1126,Linda Reese,samantha@yahoo.com,23489861314243,1500911893,93131.53
1127,Louis Contreras,stephanie@yahoo.com,23487591515743,5819174770,2732.75
1128,Cynthia Mann,cindy@hotmail.com,23487220786160,1966088651,78204.07
1129,Anthony Johnson,roberto@yahoo.com,23481232772727,7354397094,19697.81
1130,Mrs. Ashley Gilmore,melissa@yahoo.com,23489200478487,3546395964,60853.08
1131,Brandi Reyes,susan@hotmail.com,23481405067716,6944062423,38000.9
1132,Peggy Massey,brandon@gmail.com,23481996524668,8313199661,68391.15
1133,Hector Jacobs,shelby@yahoo.com,23481905238350,1537886416,1907.68
1134,Kristen Sparks,nathaniel@hotmail.com,23489704782275,2396847823,48269.12
1135,Angela Howard,keith@gmail.com,23481726579237,3308592457,38773.77
1136,Bianca Wade,christopher@gmail.com,23480664804742,4009663602,37785.06
1137,Anthony Smith,adam@gmail.com,23481547126482,7571676457,12611.22
1138,April Hardin,jeremy@yahoo.com,23480364309534,9864519004,70163.64
1139,Shannon Stewart,glen@gmail.com,23487826824988,3799033030,54999.54
1140,Robert Benton,amy@hotmail.com,23480452893605,1503911634,11646.76
1141,Thomas Gomez,douglas@yahoo.com,23480405244667,3985929521,11887.46
1142,Michael Hill,david@gmail.com,23480523236607,9612801012,61603.75
1143,Dana Harvey,kristy@yahoo.com,23489733871129,2349891418,90364.77
1144,William Alvarez,james@gmail.com,23480998697433,1168118608,35243.73
1145,Linda Young,debra@hotmail.com,23489265115158,3469954227,34378.25
1146,Dr. Brian Brady,martha@hotmail.com,23480187040987,3803069611,91815.05
1147,Derrick Esparza,lisa@hotmail.com,23487991956502,9967122592,23893.2
1148,Jason Johnson,dalton@yahoo.com,23487587538394,4234405592,9289.88
1149,Melanie Baker,susan@yahoo.com,23489738021964,6577349701,1103.96
1150,Alex Sims,ashley@hotmail.com,23480453719460,6031997439,41365.24
1151,Nicholas Mcdaniel,jared@hotmail.com,23480804560130,3826772991,75281.65
1152,Pamela Garcia,jillian@gmail.com,23487448875327,6361566970,80792.73
1153,James Tyler,cheryl@yahoo.com,23481326953436,7588919626,53668.14
1154,Adam Ward,wayne@yahoo.com,23480960666308,9576178517,4673.39
1155,Melissa Dorsey,charles@yahoo.com,23489447002051,3192968846,80196.53
1156,Robert Reilly,ian@gmail.com,23480898649166,3954638206,87338.26
1157,Jose Velez,toni@gmail.com,23480687504515,1192137756,25067.25
1158,Ruth Jackson,margaret@hotmail.com,23487199375888,1157771113,5782.68
1159,Jesse Lucas,seth@yahoo.com,23487373980159,5903423844,5759.79
1160,Shawn Bailey,brandy@hotmail.com,23481357784072,3371125304,43911.73
1161,Dwayne Hampton,tony@hotmail.com,23487195765217,7836656538,28331.34
1162,Maureen Snyder,robert@hotmail.com,23480323577467,2191405559,31481.18
1163,Mark Gutierrez,stacey@gmail.com,23481517151813,2812540682,60281.36
1164,Debbie Leonard,richard@hotmail.com,23487405947579,7656549104,89053.43
1165,Nicholas Zuniga,shirley@hotmail.com,23481229495399,6414555491,99809.07
1166,Chelsea Miller,janice@hotmail.com,23489627040908,5996418672,13058.65
1167,Ashley Carney,cathy@hotmail.com,23487890155099,2958796094,39842.08
1168,Doris Anderson,justin@yahoo.com,23489835472281,9352596797,65792.52
1169,Alexander Joyce,theresa@gmail.com,23481485520835,8200622923,65693.37
1170,David Ortiz,steven@gmail.com,23480993409974,1875155003,7730.15
1171,Brad Trujillo,sarah@gmail.com,23489650457212,3772707308,93843.18
1172,Stacy White,bobby@hotmail.com,23481625728730,8363485082,20665.51
1173,Amy Mullen,jeremy@yahoo.com,23487516707955,5999526932,70554.99
1174,Destiny Durham,charles@yahoo.com,23487388277560,4528606855,81361.14
1175,Angela Martin,nathaniel@gmail.com,23487196875511,8678474092,89774.25
1176,Emily Ferrell,andre@hotmail.com,23487970798567,2627543095,85890.14
1177,George Robinson,sharon@gmail.com,23489759135517,2062994474,44409.83
1178,Stephen Smith,anthony@hotmail.com,23481566117682,2160179042,30341.62
1179,Jermaine Martinez,carla@gmail.com,23487199801582,3282647005,36756.67
1180,Jessica Larson,victoria@gmail.com,23480651196193,2747112232,55185.44
1181,Kristen Baker,april@gmail.com,23489597706044,5677108385,86910.2
1182,Lauren Wood,leslie@hotmail.com,23481795366600,9200146508,24496.16
1183,Joseph Hendrix,kenneth@gmail.com,23481631848216,8636756590,89308.55
1184,Tamara Scott,robert@yahoo.com,23480412139994,4427802090,31954.01
1185,Anthony Young,alexandra@hotmail.com,23487569606919,2175304017,54187.78
1186,Brooke Marshall,patricia@yahoo.com,23480960652062,5715645840,10527.38
1187,Sally White,jacob@hotmail.com,23487422544807,6249418877,34728.88
1188,Roy Schwartz,sonya@yahoo.com,23481237213199,5087876256,41142.3
1189,Jeffrey Carter,jeremy@gmail.com,23489366989670,1530443469,95061.29
1190,Jodi Wilson DDS,mark@gmail.com,23487417270985,9055262383,48672.15
1191,Justin Evans,mitchell@gmail.com,23480691625661,8760139014,7936.76
1192,Victoria Anderson,douglas@hotmail.com,23480148420285,1206000737,91213.72
1193,Christina Lewis,ashley@yahoo.com,23480648307963,8524236872,84158.39
1194,Robert Sullivan,ann@hotmail.com,23487543476209,6070949719,52147.4
1195,Stacey Haynes,kimberly@gmail.com,23480598921108,7024341290,30563.43
1196,Ana Simpson,melinda@hotmail.com,23489481669733,3543952630,55341.27
1197,Samantha Chavez,ronnie@hotmail.com,23489728748729,2112658672,12362.53
1198,Stanley Mcfarland,sharon@gmail.com,23480925328186,4063268031,72518.58
1199,Christian Morris,brandon@yahoo.com,23480222337296,3824211316,78815.21
1200,Tracy White,miranda@hotmail.com,23487292792696,5907730882,3683.18
1201,Eric Brown,brett@gmail.com,23481521934734,2148345015,23587.01
1202,Joseph Reyes,david@gmail.com,23480189432561,4339458019,44083.71
1203,Andre Oconnor,madeline@yahoo.com,23487856320718,2966178433,76442.78
1204,Earl Young,nicole@hotmail.com,23489437097333,6526848362,95309.19
1205,Kelly Koch,kathy@gmail.com,23487913202948,9386423260,2226.84
1206,Amy Hansen,patrick@yahoo.com,23487769811308,6277501644,83648.89
1207,Kim Williams,adam@gmail.com,23489466504998,6607773451,27102.83
1208,Denise Andrews,elizabeth@yahoo.com,23481326632940,8604576329,58865.19
1209,Sharon Davis,timothy@hotmail.com,23481183988650,4630302254,30111.24
1210,Lisa Phillips,evelyn@gmail.com,23489823067158,3725915610,96513.14
1211,Eric Peterson,lori@gmail.com,23480565788042,9919329410,6066.03
1212,Michelle Mckinney,janet@yahoo.com,23480106278247,1402153307,85471.97
1213,Travis Espinoza,allison@yahoo.com,23487225282335,3470966406,38455.23
1214,Sandra Mathews,justin@yahoo.com,23480284399429,9953224921,1982.96
1215,Chloe Lee,mckenzie@yahoo.com,23487594096279,9287521677,38320.56
1216,Tina Martin,alejandro@gmail.com,23487806218351,9368300034,44457.57
1217,Terry Adams,ryan@gmail.com,23487425129005,5880922736,22522.4
1218,Barbara Ray,roger@hotmail.com,23489841592991,5830513583,37994.77
1219,Michelle Pittman,sarah@yahoo.com,23487963976413,9649635759,66026.58
1220,Alexa Pearson,patrick@yahoo.com,23489194097510,9621245992,53295.94
1221,Felicia Scott,douglas@yahoo.com,23481245077501,2482024096,66074.21
1222,Mr. Gary Valencia,mary@gmail.com,23480304872179,9771852156,3227.48
1223,Dana Kline,diane@yahoo.com,23480976139210,4881785530,76323.33
1224,Matthew Davis,michael@hotmail.com,23480847359140,1750821255,93728.67
1225,Stephanie Harmon,jacqueline@yahoo.com,23481128792710,5513609342,91014.39
1226,Stephanie Mckee,kelly@gmail.com,23481616595652,7423157355,75472.36
1227,Sandra Ross,bryce@hotmail.com,23481797652827,6027190358,33688.21
1228,Sydney Oliver,elizabeth@gmail.com,23481567924311,5164951786,82832.94
1229,Carl Garcia,joseph@gmail.com,23481192442244,3916554137,26327.02
1230,Diana Brown,diana@gmail.com,23489926481789,4684249425,75356.5
1231,Andrew Schultz,brandon@hotmail.com,23487259091651,6540785880,21732.76
1232,Nancy Aguilar,kimberly@hotmail.com,23487552989372,7369972027,2831.78
1233,Brian Adams,rhonda@gmail.com,23480225046707,2137095986,72606.05
1234,Stephen Meyer,christopher@hotmail.com,23481263662130,9599530849,62190.9
1235,Pamela Anderson,robert@gmail.com,23487620815076,2690591366,86587.65
1236,Ryan Williams,james@hotmail.com,23487121075163,9259464192,78283.01
1237,Christian Smith,marissa@gmail.com,23487728381921,4837200484,92863.79
1238,Margaret Campos,robert@gmail.com,23481316185483,9312541476,75264.83
1239,Alexandra Jenkins,peter@gmail.com,23489711421299,8938610457,80758.93
1240,Kevin Smith MD,jessica@hotmail.com,23487154677276,5541913879,55374.09
1241,Jason Rios,daniel@yahoo.com,23489108454944,9615236685,95252.11
1242,Erin Proctor,leroy@gmail.com,23480776897455,7272172156,93254.02
1243,Terry Stephenson,evelyn@gmail.com,23487546339338,6576373571,28813.11
1244,Angela Garcia,jason@hotmail.com,23487891431808,1460266142,99090.03
1245,George Johnson,william@gmail.com,23489139746932,4102828641,53522.66
1246,Jeffrey Johnson,henry@hotmail.com,23487529153534,7021836592,42441.12
1247,Steven Brown,shannon@gmail.com,23487651211504,1038069463,71950.1
1248,Allen Gibson,ashley@hotmail.com,23487349006937,7145255596,76924.33
1249,Bill Norton,christopher@yahoo.com,23480667267264,1848446906,26084.06
1250,Allen Barrett,dustin@gmail.com,23480553123931,4859070910,96034.47
1251,Mikayla Nichols,james@hotmail.com,23489694053774,2764024904,46786.51
1252,Stephanie Reid,andrew@gmail.com,23480387600528,9216741070,99262.05
1253,Travis Young,katherine@gmail.com,23487608242781,1029680169,23898.87
1254,Brittany Morgan,janet@yahoo.com,23480631275428,2074320602,90780.49
1255,Chelsea Ballard,sarah@yahoo.com,23489581385722,7316602744,28141.94
1256,Emily Ward,travis@hotmail.com,23487122341268,6902614211,68291.61
1257,Melanie Hunt,laura@hotmail.com,23481409249220,6860464405,27511.84
1258,John Carpenter,madison@yahoo.com,23481603843081,4831941431,99880.73
1259,Dr. Joshua Randall DDS,brad@yahoo.com,23489570417771,2157414996,77156.79
1260,Ms. Andrea Hudson DDS,angela@gmail.com,23481645069951,9544275861,29652.91
1261,Edward Wheeler,rebecca@hotmail.com,23481730993734,2887022675,57151.15
1262,Amanda Clark,william@gmail.com,23489746500088,5895723294,3956.76
1263,Gary Smith,jennifer@hotmail.com,23487240830436,8503699096,27499.56
1264,Hannah Conner DVM,danielle@yahoo.com,23489876309973,5319921998,26947.86
1265,Dale Davis,evan@hotmail.com,23487547601168,4046074294,25126.28
1266,Marilyn Richards,jennifer@gmail.com,23489954669136,1475305327,65337.81
1267,Derek Compton,daniel@gmail.com,23487958730450,2223635199,77179.24
1268,Warren King,karina@hotmail.com,23481767698175,5869119942,1332.68
1269,Jacqueline Perez,kenneth@hotmail.com,23481403286126,1135749072,30758.83
1270,Kimberly Pugh,miranda@gmail.com,23480816246415,3861327917,66111.57
1271,Calvin Maldonado,jamie@yahoo.com,23487238616374,9368210526,83616.38
1272,Carla Duncan,tammy@yahoo.com,23481314194552,9516613938,84774.51
1273,Regina Russo,cheryl@yahoo.com,23481750418046,5805176383,44436.49
1274,Kellie Gonzales,ashley@yahoo.com,23487208344550,5842292127,1824.94
1275,Adriana Baker,eric@yahoo.com,23487630133267,8841061174,986.18
1276,Mrs. Kathryn Ruiz DDS,janet@gmail.com,23489352027504,1564434600,3796.68
1277,Anne Cruz,david@hotmail.com,23481697892214,5113198271,35936.49
1278,Timothy Parsons,charles@gmail.com,23480119467577,4404676254,63810.54
1279,Nicole Lane,alice@hotmail.com,23489380040464,1541696649,55705.18
1280,David Hernandez,richard@yahoo.com,23489826845755,3939637388,40920.23
1281,Sarah Wagner,keith@yahoo.com,23481287598577,9813443977,57999.08
1282,Dorothy Williams,andrea@yahoo.com,23480966311592,8859084754,8046.73
1283,Tracy Meyer,charles@gmail.com,23480462639932,5329451114,89714.72
1284,Reginald Leonard,gregory@hotmail.com,23487222373596,7357380596,55189.64
1285,Keith Stevenson,cynthia@gmail.com,23481229587788,6507107442,95334.0
1286,Melvin Carlson,laura@gmail.com,23481622230767,2842334552,44099.91
1287,Sean Braun,danielle@gmail.com,23489465420342,3652628333,25874.9
1288,Victoria Krueger,edward@yahoo.com,23489926108943,1802558618,78694.9
1289,Laurie Mahoney,morgan@gmail.com,23480926883089,4010582093,26028.13
1290,Peter Cruz,darrell@yahoo.com,23489262326542,2843223554,49543.4
1291,Susan Coleman,todd@hotmail.com,23480858496505,3624656441,22819.15
1292,Nancy Wheeler,brandon@hotmail.com,23480570112847,1638773733,17532.08
1293,Bobby Garcia,lisa@gmail.com,23487911495781,1517376881,87136.79
1294,Amanda Washington,laura@hotmail.com,23480213700517,2723498065,65632.22
1295,Matthew Jones,kristin@hotmail.com,23480984344748,5922930745,23343.98
1296,Richard Payne,kelsey@gmail.com,23480644715382,9665789482,65494.62
1297,Brent Hogan,amanda@yahoo.com,23480279364596,1857462274,18507.12
1298,Veronica Roach,gabriel@gmail.com,23480320531781,4712355473,50721.25
1299,Gregory Kirk,peter@yahoo.com,23489268612410,6928569472,44086.86
1300,Patrick Smith,james@hotmail.com,23489860384622,7549701358,31801.71
1301,Tina Franco,matthew@hotmail.com,23487918153355,5209602003,55385.43
1302,Carmen Gay,charles@yahoo.com,23487886571603,6247484687,22872.45
1303,Thomas Brown,cathy@yahoo.com,23480265673777,7124949160,95175.21
1304,Jennifer Williams,pamela@gmail.com,23489459282088,9853429656,99197.92
1305,Gregg Ferguson,stephanie@gmail.com,23481232052491,5516825943,97530.7
1306,Alyssa Smith,michele@hotmail.com,23481571489117,5767649713,1710.21
1307,Cassidy Castillo,jessica@hotmail.com,23487925942935,6856514972,84508.6
1308,Amy Nichols,jennifer@yahoo.com,23480363406114,9345116088,84955.79
1309,Kim Hughes,amanda@gmail.com,23487466489637,8351204161,54090.09
1310,Christian Contreras,jaclyn@yahoo.com,23489642264030,6355689517,4568.83
1311,Douglas Wood,jerry@gmail.com,23481191519166,4844452015,23546.22
1312,Cynthia Martin,nicholas@yahoo.com,23489499900489,1780617297,11005.43
1313,Christopher Mullen,jessica@hotmail.com,23487487237904,1002301808,50743.1
1314,Natalie Clark,timothy@hotmail.com,23481262791297,2381431592,11406.94
1315,Jasmine Jackson,michael@hotmail.com,23487945266468,6520394348,7837.28
1316,William Griffin,david@hotmail.com,23481248170281,3604991420,20483.79
1317,John Steele,michael@hotmail.com,23487543894981,2850733732,57079.55
1318,Helen Perez,collin@hotmail.com,23487592582348,7405026091,82930.87
1319,Victoria Burnett,seth@gmail.com,23489131957698,6730698191,68133.52
1320,Erin Lee,jessica@hotmail.com,23487256319955,1479011764,7232.18
1321,Brianna Webb,ashley@gmail.com,23480870544763,3873107809,42704.89
1322,Mr. Henry Reyes,nancy@hotmail.com,23480191029915,5854636277,28380.13
1323,Lori Hahn,laura@gmail.com,23489438018832,8774042176,2566.99
1324,Caleb Hale,deanna@gmail.com,23487929328811,7892193329,60735.98
1325,Bianca Carter,joseph@gmail.com,23481566081562,2185183112,36092.67
1326,Brian Silva,molly@hotmail.com,23480522266433,7804633577,97512.37
1327,Lori Taylor,darlene@hotmail.com,23480808858764,1456836428,89749.48
1328,Lisa Madden,barbara@yahoo.com,23481716926164,3584862196,37534.09
1329,Amanda Douglas,brittany@gmail.com,23480778183455,9766195466,94253.71
1330,Cynthia Reese,anthony@gmail.com,23489550225634,4510745572,29476.9
1331,Taylor Bowen,tina@gmail.com,23487831079302,1423644452,3212.62
1332,Richard Brown,travis@hotmail.com,23489874759532,7953596590,36893.36
1333,Paul Rogers,marvin@yahoo.com,23489469536155,4268418626,29158.18
1334,Victor Stevens,vickie@gmail.com,23480987988308,1660017733,15091.32
1335,Kevin Jarvis,craig@yahoo.com,23489666712063,1549034032,59163.62
1336,Donald Davenport,laura@gmail.com,23481851936102,8351279458,10712.59
1337,Carolyn Branch,ronnie@yahoo.com,23487579091840,6866976974,21226.82
1338,Julia Bauer,jessica@hotmail.com,23481684572202,2873145919,31379.27
1339,Alicia Holder,christopher@yahoo.com,23487848903745,7368666052,71605.22
1340,Holly Shaw,mary@gmail.com,23489971696978,4396825966,74230.14
1341,Heather Hendricks,robert@hotmail.com,23487932579769,5155324773,78368.37
1342,Teresa Christian,michael@hotmail.com,23481423766892,2244064601,71312.74
1343,Phillip Ho Jr.,william@hotmail.com,23480139696423,8793362077,93999.99
1344,Mr. Terry Moore DDS,paul@yahoo.com,23489518752374,1322060399,37946.09
1345,Isabella Krueger,timothy@yahoo.com,23481658850084,7482301234,58310.36
1346,Stephanie Hess,derek@gmail.com,23489329495689,6971064982,65740.23
1347,John Robbins,alicia@yahoo.com,23480649403202,7902950398,15092.46
1348,Shannon Williams MD,angela@hotmail.com,23489659780124,1888734391,76284.92
1349,Kelli Taylor,jeffery@yahoo.com,23489912872297,1015464229,64956.29
1350,Jacob Knapp,sandra@hotmail.com,23481125148911,3456283110,95522.42
1351,Melissa Cruz,erika@gmail.com,23480955341340,7497407953,95866.65
1352,Jennifer Estrada,roberto@gmail.com,23489359136615,6406653532,99232.71
1353,April Phelps,brian@yahoo.com,23489880083367,4661352590,56583.7
1354,William Escobar,jeffrey@hotmail.com,23487642534457,1511545211,99781.52
1355,Shane Baker,kurt@gmail.com,23480885964167,1961769664,63069.41
1356,Kelly Garcia,stephanie@hotmail.com,23480500483008,3291647639,73421.73
1357,Todd Franklin,david@hotmail.com,23489773224887,2253457423,53942.84
1358,Eric Foster,christopher@gmail.com,23489232943217,3747126998,12212.11
1359,Sandra Chavez DDS,david@hotmail.com,23480912350050,5866075091,87860.11
1360,Tim Greene,joseph@yahoo.com,23480581827565,9811211199,79840.73
1361,Victoria Mckee,casey@hotmail.com,23489714647698,5209169576,60749.49
1362,Michael Stewart,sandra@hotmail.com,23480586563056,1499010108,65953.86
1363,Kevin Holder,jason@hotmail.com,23489353507570,8080878506,52081.57
1364,Samuel Valdez,amy@hotmail.com,23481476171636,9470614506,31762.24
1365,Robert Silva,rachel@yahoo.com,23489405517657,2393982645,19582.86
1366,Lisa Parker,kurt@hotmail.com,23481867028521,5868824748,57566.85
1367,Roger Smith,michael@yahoo.com,23487657987812,6561533151,91115.85
1368,Katherine Cordova,maria@hotmail.com,23481212986551,5231665002,32935.58
1369,Rachel Young,brett@gmail.com,23489654535921,2526788512,79920.69
1370,Thomas Gray,ronald@gmail.com,23481983520645,2201258571,97749.73
1371,Michael Gray,jessica@hotmail.com,23489587811213,9657101385,23165.98
1372,Patrick Delacruz,daisy@gmail.com,23480257360353,3505087861,31550.16
1373,Cory Williams,eric@yahoo.com,23487989528128,8250400388,97242.45
1374,Mary Brewer,sarah@hotmail.com,23487187990100,2899169638,69338.01
1375,Michael Garrett,kimberly@hotmail.com,23480166779947,6687666402,44556.25
1376,Thomas Yates,michaela@gmail.com,23487239654428,2698502431,95765.09
1377,Ann Andrews,kevin@yahoo.com,23487330622993,2915795547,41051.59
1378,Travis Phillips,ashley@yahoo.com,23487183829919,7158568902,8061.04
1379,Margaret Long,john@gmail.com,23489826732562,3057318920,56089.67
1380,Vickie Warren,melissa@yahoo.com,23487731617307,3130137051,7736.73
1381,Robert Smith,karla@yahoo.com,23487383138961,2973065509,36293.47
1382,Laura Cox,maurice@gmail.com,23487783394952,1756389067,48467.04
1383,Elizabeth Guerra,daniel@hotmail.com,23487572532253,7741629702,23111.95
1384,Abigail Mckay,joshua@hotmail.com,23487885675101,2211370833,78651.78
1385,Virginia Cherry,mark@yahoo.com,23487984561220,2332128020,23053.35
1386,Mariah Moore,gordon@gmail.com,23481254990533,4802132892,82799.33
1387,Cheryl Perkins,david@yahoo.com,23481620511813,8806099647,98675.82
1388,Sherry Gallagher,lisa@gmail.com,23487238926282,1806801100,92579.12
1389,Cody Matthews,megan@yahoo.com,23480845682242,1616423848,24569.9
1390,Jamie Mitchell,martin@hotmail.com,23481589016791,2831352713,90935.65
1391,Jerome Lawrence,donald@hotmail.com,23487135011913,2728742796,67443.1
1392,Mrs. Monique Peck,kimberly@hotmail.com,23481700250339,9640565939,66623.68
1393,Duane Phillips,tracy@yahoo.com,23489227524085,5723304144,60594.01
1394,David Evans,tony@hotmail.com,23487218472553,2649226867,79606.01
1395,Joseph Garrison,michael@gmail.com,23480496839906,5014410308,34223.02
1396,Christopher Parks,gabrielle@hotmail.com,23489143252622,1567704691,11884.61
1397,Katherine Price,rodney@gmail.com,23481226424741,4307630024,40909.43
1398,Rachel Newman,jennifer@gmail.com,23489427410286,2149575829,50552.09
1399,Virginia Brown,benjamin@yahoo.com,23489425623035,3575422095,14925.02
1400,Alexander Huff DVM,justin@yahoo.com,23489621758578,4400156805,49470.6
1401,Patricia Grant,gregory@hotmail.com,23480949548505,8809347296,88155.98
1402,Linda Foster,laura@yahoo.com,23481252621455,1364922725,19890.61
1403,William Rose,danielle@yahoo.com,23487152238662,5892956017,18073.58
1404,Anthony Santiago,david@gmail.com,23489404386805,9127754416,45461.51
1405,Maria White,sharon@yahoo.com,23481296577569,4502395169,16760.42
1406,Jessica Craig,michael@gmail.com,23487102239566,6615175782,41920.7
1407,Sarah Wright,kimberly@yahoo.com,23480687913699,3056895862,76574.4
1408,Malik Ryan,angela@gmail.com,23489172546866,2047151089,71167.05
1409,Johnathan Reyes,gregory@hotmail.com,23480548367904,3334799664,47039.04
1410,Theresa Welch,jennifer@gmail.com,23487715317515,1191237069,10189.44
1411,Louis Pace,alfred@yahoo.com,23489707484447,7634187301,86958.93
1412,Mark Martinez,scott@hotmail.com,23487462734944,2783634101,83402.47
1413,Mr. Christopher Hill,christopher@yahoo.com,23487610271691,1963415929,2490.75
1414,Kathryn Frazier,alicia@gmail.com,23481918138906,6268529625,16776.87
1415,Erica Sanders,alexis@yahoo.com,23481641986065,2655207639,7394.17
1416,Patrick Garcia,robert@yahoo.com,23487917846365,2231995081,51538.22
1417,Christopher Bowen,brenda@yahoo.com,23487816422822,8234517952,52978.04
1418,Sue Jacobs,jennifer@hotmail.com,23487259968838,4872405446,38872.6
1419,Christopher Thompson,nancy@hotmail.com,23489195901227,3112353306,42293.63
1420,Robert Scott,brian@yahoo.com,23487515790548,5255316384,12832.55
1421,Jeffery Williams,jason@gmail.com,23481524554436,1964316616,69723.18
1422,Kylie Hall,claire@gmail.com,23489680888371,6505350387,24219.35
1423,Sarah Garcia,justin@gmail.com,23480819883588,9917597402,29409.85
1424,Darren Carroll,trevor@hotmail.com,23487890180346,2433337060,33747.15
1425,Casey Jones,nicholas@yahoo.com,23489793547595,9776107836,82489.09
1426,Dwayne Castro,barbara@yahoo.com,23480277827512,1648982313,33730.38
1427,Anthony Gomez,samuel@gmail.com,23480714174731,2826411454,60914.87
1428,Cheyenne Cook,gregory@yahoo.com,23489702416787,8246300124,10866.4
1429,Kevin Cummings,kelsey@hotmail.com,23480791397593,6527646752,72245.74
1430,Andrew Crawford,rebecca@gmail.com,23480306616625,4759823710,7467.88
1431,Elizabeth Silva,jasmine@yahoo.com,23480712295241,4430319690,92080.3
1432,Nathan York,andres@yahoo.com,23481905906132,4388111272,94996.91
1433,Paul Barber,lisa@yahoo.com,23487639704301,5200690282,91076.36
1434,Dawn Carter,robin@hotmail.com,23480229153072,5924562641,63120.12
1435,Louis Boyd PhD,robert@yahoo.com,23481120372732,5929678361,74095.68
1436,Nathan Quinn,jennifer@gmail.com,23489944773947,9488312421,43625.45
1437,Marcus Jones PhD,peter@gmail.com,23481363374581,4498894110,75790.24
1438,Jacob Perry,sean@gmail.com,23487190890036,8416153220,70041.36
1439,Joshua Lopez,teresa@yahoo.com,23489531427170,1621343575,73370.97
1440,Andrew Mccann,jennifer@hotmail.com,23480627715157,1547761887,72398.38
1441,Patrick Craig,molly@hotmail.com,23480465025573,8591506799,58996.86
1442,Taylor Walters,linda@hotmail.com,23487293818994,6809410371,82028.6
1443,Angela Kennedy,billy@gmail.com,23487125830942,7417567959,50986.46
1444,Jonathan Velasquez,laura@yahoo.com,23489510181168,9473321348,15310.41
1445,Justin Smith,bonnie@gmail.com,23489197737441,8029161450,877.6
1446,Corey Sexton,jennifer@hotmail.com,23480206658672,4958262912,59345.52
1447,Christopher Malone,gregory@gmail.com,23481406394085,6940735248,67423.32
1448,Carlos Ingram,kristine@yahoo.com,23481296139268,7654361461,45407.36
1449,Kristen Hall,stephanie@gmail.com,23489924960882,6283301624,32111.64
1450,Michael Rodriguez,jake@yahoo.com,23480265600378,9949069966,17754.55
1451,Sue Watts,corey@hotmail.com,23489537309736,8365529848,72281.07
1452,Bobby Reynolds,amanda@gmail.com,23481163258139,1374736832,28002.03
1453,Diane Odonnell,brooke@yahoo.com,23489294838874,2553530199,77323.33
1454,Thomas Garcia,alan@yahoo.com,23480865900715,4653278198,23303.13
1455,Ashley White,melanie@yahoo.com,23480420001194,1473117789,49380.02
1456,Pamela Cruz,matthew@gmail.com,23487206025798,9209236972,4923.97
1457,Andrew Reynolds,christopher@gmail.com,23489252965855,5893467877,51816.0
1458,Bradley Parker,katherine@hotmail.com,23487448126205,2977353085,52566.84
1459,Emily Farmer,larry@gmail.com,23489503204182,2808511815,50871.97
1460,Samantha Wang,william@hotmail.com,23480155703707,1964594683,92811.55
1461,Christopher White,david@gmail.com,23481357293193,4208320641,28597.19
1462,Christopher Moore,jason@gmail.com,23481629332643,5909476525,38468.37
1463,Kevin Smith,roger@yahoo.com,23487223567680,4148561166,75754.29
1464,Rodney Glover,jennifer@gmail.com,23489165103088,7119077461,95356.02
1465,Victoria Wright,johnny@yahoo.com,23489599100469,9822220773,4289.25
1466,Julie Hernandez,rebecca@hotmail.com,23487170285223,3497983389,94510.76
1467,Alexis White,christopher@yahoo.com,23487131038055,1679348721,88250.18
1468,Kevin Torres,ryan@hotmail.com,23487780259788,5925840748,73125.39
1469,Vernon Cooper,pamela@gmail.com,23481119996117,1606782223,43110.71
1470,Krystal Thompson,jessica@gmail.com,23489694933780,2052463740,27897.8
1471,Cindy Williams,stephanie@hotmail.com,23480364479890,9643525901,87970.42
1472,Lacey Horn,briana@yahoo.com,23481427075547,2788831866,31505.3
1473,Erica Morse,danny@hotmail.com,23487578869802,4287444025,34799.83
1474,Eric Thompson,teresa@yahoo.com,23480782683973,9369885242,16642.69
1475,Richard Wilson,james@gmail.com,23481940612700,7314394350,28855.53
1476,Timothy Lewis,barbara@hotmail.com,23481500833429,8398327804,48714.91
1477,Ivan Page,shelby@hotmail.com,23481939691516,5351701335,22440.97
1478,Catherine Clements,diana@hotmail.com,23481677174482,1477886699,17015.15
1479,Tricia Roy,allison@yahoo.com,23487696090185,3759320154,93926.57
1480,Anne Gordon,john@gmail.com,23487144873906,1688692817,26016.96
1481,Michael Wells,amy@hotmail.com,23480972569546,6271277159,60656.4
1482,Jason Miles,samantha@yahoo.com,23487990531175,5000548312,10701.33
1483,Carrie Fletcher,carol@yahoo.com,23489801216599,9984798963,23244.29
1484,Cynthia Robinson,kevin@yahoo.com,23481100582968,5084827615,27935.01
1485,Phillip Hill,angela@yahoo.com,23480617743557,4191739394,9688.0
1486,Nicholas Moore,amber@gmail.com,23489741955612,1240504531,55261.13
1487,Courtney Frank,brandi@gmail.com,23489830142077,2684876851,50918.95
1488,Megan Brown,julie@gmail.com,23487477332115,8268916871,16968.36
1489,John Carpenter,natalie@yahoo.com,23481728309864,7345454550,59879.31
1490,Eric Roman,philip@hotmail.com,23489148838858,2634106492,4070.53
1491,Rodney Beard,stacey@yahoo.com,23481893691642,2822019158,89075.38
1492,Megan Jones,james@hotmail.com,23480422807973,2159295684,53837.8
1493,Sharon Wilson,corey@yahoo.com,23480524455403,1448394850,19593.75
1494,Pam Richard,frances@yahoo.com,23480991740555,2440839808,48887.75
1495,Kim Nelson,angela@yahoo.com,23481878542046,6323740456,82257.58
1496,Hannah Carlson,debra@gmail.com,23489563816134,1457261738,37017.1
1497,Patricia Blackwell,natalie@hotmail.com,23481755460660,9202043288,28255.57
1498,Amanda Jordan,kayla@hotmail.com,23489832400367,4990891827,94793.19
1499,Mr. Ronald Schwartz,jennifer@hotmail.com,23489782008471,6327198930,42707.61
1500,Ruben Page,maxwell@gmail.com,23489908199028,9782669254,44537.99
1501,Kimberly Anderson,phillip@gmail.com,23487393145630,3077935216,12705.25
1502,David Brown,nicole@yahoo.com,23481811114540,5501335775,45439.55
1503,Scott Cooper,lauren@gmail.com,23489466822211,2325447786,91807.72
1504,Martin Smith,lauren@hotmail.com,23481593705781,9506361521,71653.47
1505,Shane Vasquez MD,annette@gmail.com,23489117045236,8523405865,91926.45
1506,Christina Nichols,richard@yahoo.com,23481794113197,9412720049,12082.06
1507,Edward Schmidt,richard@hotmail.com,23480753679794,3148411730,88899.09
1508,Ian Banks,elizabeth@yahoo.com,23487104594803,3897756110,49376.23
1509,Brian Jones,gary@hotmail.com,23480822313006,6717968085,8777.7
1510,Brittany Lopez,yolanda@gmail.com,23481543630426,3162852783,13768.12
1511,Maria Hall,philip@yahoo.com,23487918690821,4328858145,27917.47
1512,Christian Lucas,austin@hotmail.com,23487677814249,9691662212,66904.69
1513,Sheila Williams,brooke@gmail.com,23480945362558,8714058899,96847.11
1514,Linda Edwards,kristina@gmail.com,23480678370314,5455634687,80383.74
1515,Megan Johnson,tammie@hotmail.com,23480993443242,1692447546,74453.33
1516,Jonathan Nicholson,john@yahoo.com,23487821818558,8225741241,22321.93
1517,Tanya Cruz,alicia@gmail.com,23480479025201,3688446467,7527.6
1518,Patrick Thomas,linda@hotmail.com,23487988485748,4086168237,15757.05
1519,Janice Holden,kim@gmail.com,23489515270762,8596234712,33600.18
1520,Steven Rice,joseph@yahoo.com,23481924597047,5858456593,45401.06
1521,Dr. Craig Lopez II,robin@gmail.com,23480233964179,6544122414,73578.62
1522,Heidi Gordon,toni@gmail.com,23487497800553,9332842743,67240.94
1523,Derrick Jennings,erica@gmail.com,23481577361628,8227886543,7501.44
1524,Randy Lutz,nicole@gmail.com,23480337856110,2026972351,68824.96
1525,Teresa Stephens,cheryl@yahoo.com,23480914348348,3606517080,89238.02
1526,John Patel,james@yahoo.com,23489830739665,5114645902,3931.85
1527,Melinda Holt,patricia@gmail.com,23489305634099,9565902229,10133.84
1528,Michael Ward,bryan@yahoo.com,23480976474860,1064174343,70539.86
1529,Linda Moran,kyle@hotmail.com,23489968028454,4844574882,52177.55
1530,Jerome Silva,emily@yahoo.com,23481351532545,3142811846,19120.83
1531,Hannah Williams,sierra@yahoo.com,23487489767404,7248352168,55861.21
1532,Reginald Ross,kevin@gmail.com,23480401459841,2269627466,83779.74
1533,Rose Fitzpatrick,terry@hotmail.com,23487855965460,5587720178,62645.47
1534,Carmen Clark,william@yahoo.com,23481107661580,7771065861,94923.34
1535,Tanya Cooper,lindsey@hotmail.com,23481981674615,2517706056,62765.78
1536,Christina Brooks,david@yahoo.com,23487219127926,1305517870,24666.78
1537,Robert Anderson,joanne@gmail.com,23489711068865,7273835467,58675.7
1538,Francisco Berry,emily@gmail.com,23487283048386,9530420568,87224.27
1539,James Meyers,brandon@yahoo.com,23481808496105,9497523041,22098.93
1540,Sarah George,william@gmail.com,23481170180435,4969240305,19648.26
1541,Mackenzie Johnson,daniel@hotmail.com,23481900982881,5036536863,47064.53
1542,Dylan Ramirez,sheena@hotmail.com,23480236827900,3097056432,48502.27
1543,Hayley Jordan,john@gmail.com,23489711928993,6526012592,18791.78
1544,Ebony Smith,ralph@yahoo.com,23481661652825,3923089394,49722.97
1545,Belinda Baker,brandy@hotmail.com,23489305999029,7188307752,13266.01
1546,Julie Fields,karen@gmail.com,23480844087852,6642064072,63513.8
1547,Jimmy Cook,kaylee@hotmail.com,23489830874965,9948523764,8962.3
1548,Justin Bauer Jr.,april@hotmail.com,23487102099126,7228098909,51678.99
1549,James King,robin@hotmail.com,23487788232308,9773224781,72356.03
1550,Sarah Burgess,kim@hotmail.com,23480446817822,9834999739,21497.49
1551,Amy Cameron,norman@gmail.com,23487536879666,4395560956,43488.45
1552,Alicia Rosario,elizabeth@gmail.com,23489230693381,3408619421,49120.05
1553,Brandy Faulkner,angela@gmail.com,23487632119301,5747218802,61160.6
1554,Mark Richards,emma@gmail.com,23489655400377,2614141871,71028.05
1555,Karen Smith,randall@hotmail.com,23480874404381,7743673019,3977.39
1556,Sarah King,stephanie@yahoo.com,23481150427906,4667168479,68829.37
1557,Jessica Williams,william@yahoo.com,23489551038208,6252965310,61376.48
1558,Sheila Thomas,michael@yahoo.com,23487439562230,9049451104,63139.54
1559,Veronica Robinson,william@gmail.com,23480520755279,3873979788,23548.11
1560,Zachary Warner,thomas@hotmail.com,23481459387638,6793644432,34935.51
1561,Robert Jones,tina@yahoo.com,23480713986637,8809494982,53093.07
1562,Brianna Sosa,melissa@gmail.com,23480891824663,1468662769,95438.09
1563,Daniel Atkinson,adam@yahoo.com,23481840397560,2860212181,87801.18
1564,Noah Le,michael@gmail.com,23487179929734,7019484591,84085.12
1565,Brenda Hamilton,jeffrey@yahoo.com,23481311394879,5571870428,87516.4
1566,Jeffrey Johnson,judy@gmail.com,23481453502263,7890714185,66830.78
1567,Christine Smith,clarence@hotmail.com,23489167478361,8478761088,49073.18
1568,Mr. Seth Johnson,austin@hotmail.com,23480129928143,5785995585,63039.75
1569,Michael Kelly,blake@yahoo.com,23487563801642,2952400435,59824.43
1570,Justin Morrison,stephanie@gmail.com,23480736225068,3341106022,54386.99
1571,Victoria Williams,douglas@gmail.com,23489368875123,9368888421,29612.18
1572,Warren Brown,justin@gmail.com,23481215793020,6211814586,21971.16
1573,Michael Stanley,susan@yahoo.com,23487355936253,3440428643,96295.6
1574,Joseph Roberson,amanda@yahoo.com,23489993908879,8620154699,89692.16
1575,Brian Campbell,natalie@yahoo.com,23480982222571,8767592581,76417.27
1576,Kendra Donaldson,jennifer@yahoo.com,23489657996830,8686097927,42017.44
1577,Anthony Delacruz,raymond@yahoo.com,23481178287411,9497854045,44772.57
1578,Walter Wells,jose@yahoo.com,23487920444599,1916635497,24814.89
1579,Chris Hall,michele@gmail.com,23480771463117,7111396382,42544.04
1580,Sabrina Roberts,george@yahoo.com,23487721626156,1756367883,17701.82
1581,Theresa Mata,shane@yahoo.com,23480191842179,1608759619,95635.92
1582,John Hernandez,emily@yahoo.com,23480135802499,6471381674,66095.22
1583,Jennifer Mason,brandon@gmail.com,23487436381228,5645905276,34823.1
1584,Cassandra Ryan,jason@yahoo.com,23480940360006,9130688289,39869.12
1585,Robin Bean,denise@yahoo.com,23481166574389,1230821363,12892.98
1586,Douglas Mccall,gregory@gmail.com,23487158829061,7135508095,88228.93
1587,Mitchell Carter,anthony@gmail.com,23489755775616,2275197185,84028.07
1588,Jacob Bullock,zachary@hotmail.com,23487170641753,6147970594,86414.52
1589,Gabrielle Walker,sandra@hotmail.com,23480827529296,9340575870,60145.77
1590,Amy Wilkins,brittany@yahoo.com,23480700498762,7363532024,68753.47
1591,Taylor Yoder,lisa@hotmail.com,23480416664467,4366641864,2993.36
1592,Stephanie Wilson,shelley@yahoo.com,23487531303909,7170940238,26865.59
1593,Brandon Williams,stephanie@yahoo.com,23480762822951,7744459607,21589.11
1594,Heather Bentley,sarah@gmail.com,23487350302083,4534825528,85113.74
1595,Joanna Wallace,briana@hotmail.com,23480586846620,1852808613,40959.68
1596,Taylor Mathis,paige@gmail.com,23487598440715,5916093622,56269.51
1597,Aaron Cook,robert@yahoo.com,23487765946168,8443722173,32386.88
1598,Jeffery Williams,emily@hotmail.com,23480464660414,1060931756,67531.41
1599,Joshua Choi,james@hotmail.com,23480587561211,9145410257,41181.79
1600,Ashley Jones,michelle@yahoo.com,23489731159790,5010723787,80922.15
1601,Meredith Hebert,ashley@hotmail.com,23481215971195,2358961337,42577.41
1602,Robert Johnson,laura@yahoo.com,23480113194760,8189540372,26143.87
1603,Yolanda Christian,david@hotmail.com,23480736607029,4102194933,5557.87
1604,Melanie Barber,emily@yahoo.com,23481715481841,9539419788,48601.99
1605,Jennifer Edwards,norman@yahoo.com,23481784364101,4681934042,21972.92
1606,Michael Bradley,cory@hotmail.com,23489481598412,8019235213,63662.99
1607,Miss Margaret Ellis,jonathan@yahoo.com,23487616898564,3484110392,4658.29
1608,Crystal Riggs,lisa@yahoo.com,23487299633740,1156706071,44818.87
1609,Mary Flores,alan@yahoo.com,23481247824939,6100947738,22208.87
1610,Victoria Gonzalez,michael@yahoo.com,23480164951915,4325955655,87574.64
1611,Brett Graham,stephanie@hotmail.com,23481434649743,7875999388,53647.71
1612,Annette Myers,helen@hotmail.com,23487650964560,6223269868,77977.25
1613,Samantha Miller,amber@yahoo.com,23489434135828,5102142411,11120.53
1614,Heather Fox,jean@yahoo.com,23481258279275,2562485301,96828.75
1615,Cynthia Mason,karen@hotmail.com,23487431436631,9585846518,61114.06
1616,Thomas Wilkerson DDS,donna@yahoo.com,23489412527533,7073314496,13008.61
1617,Richard Barber MD,amber@yahoo.com,23489108677810,6805631767,54022.75
1618,Michael Cooper,shelley@hotmail.com,23481161544356,2442364344,95032.83
1619,Joseph Scott,suzanne@gmail.com,23481644502921,4978638053,2209.66
1620,Dominique Cummings,alex@hotmail.com,23480553184702,7265599490,37980.89
1621,Gregory Walker,craig@hotmail.com,23489309816802,2602544581,78065.31
1622,Darrell Lambert,john@gmail.com,23481787790466,7167041161,33395.48
1623,Carl Mcmahon,jennifer@hotmail.com,23481943170597,8216755528,35334.79
1624,Daniel Ferguson,vincent@hotmail.com,23480466738585,8018437138,76624.69
1625,Carolyn Grimes,heather@hotmail.com,23481817109365,4595894877,6440.13
1626,Sheryl Grimes,jerry@yahoo.com,23487846016035,9974926617,5016.6
1627,Emma Wagner,douglas@yahoo.com,23487743989866,9660485827,21125.29
1628,Jason Smith,megan@gmail.com,23489721063811,9300010365,53593.72
1629,Kaylee Novak,mike@hotmail.com,23489761535711,5740249331,98523.21
1630,Todd Gutierrez,stephanie@hotmail.com,23489549570641,3339613607,83831.09
1631,Brian Larson,kathy@yahoo.com,23489274246814,8015937115,39613.08
1632,Mr. Justin Gomez,mathew@hotmail.com,23480587803152,4461188083,71810.27
1633,Randy Fitzpatrick,loretta@hotmail.com,23480632501508,8162760510,29089.73
1634,Chelsea Brown,adam@hotmail.com,23481103969701,8953013516,16224.28
1635,Laura Smith,jeremiah@hotmail.com,23481844339911,1909979573,37450.61
1636,Jasmine Harris,jill@yahoo.com,23481600940025,8631642583,41398.19
1637,Lauren Carpenter,matthew@hotmail.com,23481356644737,7664019331,55339.82
1638,Preston Vargas,erica@yahoo.com,23487888755899,1491778504,24945.5
1639,Robin Ware,tammy@yahoo.com,23489966800964,8972930896,1462.72
1640,Heather Silva,lynn@hotmail.com,23487320456760,5082587589,84563.65
1641,Deborah Walker,cynthia@hotmail.com,23487297831034,7287605035,75536.67
1642,Thomas Hoover,stephanie@hotmail.com,23480489571951,2699984810,52702.88
1643,Steven Anderson,stephen@yahoo.com,23480179168231,9330590753,50199.78
1644,Samuel Gay,kimberly@hotmail.com,23489132231138,4359506482,79155.21
1645,Michelle Anderson,mark@hotmail.com,23480252902956,7474924386,4324.29
1646,Aaron Willis,nicholas@gmail.com,23489572884620,8123984285,28380.66
1647,Jordan Mitchell,david@yahoo.com,23481777890337,9200543022,2522.01
1648,Joseph Kelly,laura@yahoo.com,23489147142443,3891804979,63192.39
1649,Ronald Palmer,barbara@yahoo.com,23480313806556,9199346195,68838.2
1650,Katelyn Martinez,patty@gmail.com,23481405051006,1140336385,3474.42
1651,James Curtis,christopher@gmail.com,23481335090446,1112729226,75016.55
1652,Jaclyn Petersen,mark@gmail.com,23489871845007,8690182456,81318.28
1653,Philip Nelson,brandon@gmail.com,23481464876250,6658494712,37847.89
1654,Blake Banks,chad@gmail.com,23481291707402,2846920487,40135.02
1655,Ryan Brown,jennifer@yahoo.com,23481123076889,2680888691,81847.76
1656,Mr. Kelly Hanson,james@hotmail.com,23481381093372,2842980985,87674.5
1657,Mrs. Chelsea Olson,eric@yahoo.com,23480122541876,4127220285,86212.17
1658,Kaitlin Johnson,andrew@hotmail.com,23481506865213,5975477610,7745.06
1659,Carl Stevenson,philip@gmail.com,23480463336272,1992006484,50500.52
1660,Virginia Anderson,jeffrey@gmail.com,23481427568970,9232015048,70378.58
1661,Taylor Dixon,kendra@gmail.com,23487357859027,2384717361,73290.62
1662,Joshua Wu,daniel@hotmail.com,23489969180872,1400524723,2113.4
1663,Ian Decker,jessica@yahoo.com,23489809645329,5405091237,74290.93
1664,Joshua Buchanan,scott@hotmail.com,23481665783275,9639490447,54215.63
1665,Brent Kerr,kristina@yahoo.com,23487863368317,1657338801,91905.56
1666,Priscilla Porter,ethan@hotmail.com,23480227231238,5176425710,9646.11
1667,Debra Walter,travis@yahoo.com,23481240439719,7750803127,58860.76
1668,Mark Johnston Jr.,john@hotmail.com,23481305816222,9698553771,39173.28
1669,Daisy Padilla,sandra@gmail.com,23487845556818,4153232553,83164.02
1670,Austin Barnes,willie@yahoo.com,23489441397938,9518699099,85944.38
1671,Matthew Holder,jasmine@yahoo.com,23487783053289,8634689853,78498.7
1672,Melissa Hodges,christine@yahoo.com,23481149601706,1801248380,42572.76
1673,David Johnson,jenna@gmail.com,23481674954759,6247398726,74373.99
1674,Kimberly Ross,meghan@hotmail.com,23489947813439,4609734448,30285.18
1675,Nathan Jordan,matthew@gmail.com,23481451844369,5517226989,45944.67
1676,Jennifer Ramirez,brian@yahoo.com,23481157186389,9689323679,10057.95
1677,Christopher Ortiz,matthew@gmail.com,23489235783814,4723474875,96929.31
1678,Richard Cuevas,donald@hotmail.com,23487324667128,5771414558,57662.5
1679,Sarah Coffey,stephen@yahoo.com,23480942527868,1526925167,37720.41
1680,Michael Ballard,kimberly@gmail.com,23487949326796,5904145652,43010.5
1681,Paul Case,karen@hotmail.com,23480279780397,1775790050,22303.07
1682,Jacob Bright,michael@yahoo.com,23487906710856,5627318014,40692.44
1683,Susan Griffith,allison@gmail.com,23489635354547,8922598089,27927.93
1684,Brooke Barrett,colleen@hotmail.com,23487292198192,6188202204,28513.86
1685,Jonathan Bishop,daniel@yahoo.com,23489865026957,5727349037,70317.66
1686,Jennifer Glover,jacob@hotmail.com,23489664225204,4416395064,50708.69
1687,James Herman,joshua@yahoo.com,23487868423193,2777021820,38302.59
1688,Alexis Carpenter,barbara@gmail.com,23487608693948,3687286994,99316.08
1689,Laurie Gutierrez,carol@hotmail.com,23489724044455,7098454628,72782.99
1690,Timothy Camacho,megan@hotmail.com,23487785160666,9116257777,95150.59
1691,Emily Chavez MD,barbara@gmail.com,23480322478872,1691934899,76293.77
1692,Thomas Stewart,felicia@hotmail.com,23481317970120,2283142882,71486.42
1693,Ashley Cruz,heather@hotmail.com,23487351668540,4881096387,45281.81
1694,Tiffany Nelson,michelle@gmail.com,23487334713230,4671376399,57830.16
1695,Wendy Bennett,abigail@hotmail.com,23489556364808,6784392038,2586.7
1696,Anthony Henderson,sarah@hotmail.com,23487713504282,1021537349,77143.46
1697,Rachel Mays,karen@hotmail.com,23481501694717,1522240599,44763.82
1698,Travis Evans,diana@hotmail.com,23489691150686,3603225974,47732.95
1699,Paul Stewart,erica@yahoo.com,23480244236074,3301905670,10983.95
1700,Jennifer Ford,robert@yahoo.com,23480416805398,4268302525,31129.92
1701,Ms. Natasha Griffin,donald@yahoo.com,23487657079511,2567193396,14462.75
1702,Joshua Davis,denise@gmail.com,23489347151294,4859338963,63028.39
1703,Joseph Wilkinson,gabriella@yahoo.com,23480599561727,5421658597,8455.09
1704,Daniel Martin,nicole@yahoo.com,23489557523905,1595132228,56132.45
1705,Carla Sullivan,gina@yahoo.com,23487602029048,9948318521,20847.41
1706,Holly Hampton,william@hotmail.com,23487539109702,5838625323,94215.12
1707,Anthony Hendrix,catherine@yahoo.com,23489963830093,6470355877,59381.61
1708,Patrick Nguyen,lisa@gmail.com,23487440398089,5689974759,8480.49
1709,Don Henry,stephanie@hotmail.com,23489510567661,8094961855,40379.19
1710,Mark Washington,donald@hotmail.com,23480292807232,8769646224,83823.23
1711,Patrick Lopez,elizabeth@yahoo.com,23487351030533,9359491014,52388.23
1712,Kara Ryan,shirley@hotmail.com,23489792944501,4961454933,83981.04
1713,Robert Stephens,beth@gmail.com,23480485573103,2074141917,76082.1
1714,Daniel Bryan,jamie@yahoo.com,23480416236101,8376160226,5987.4
1715,Jeffrey Gray,dawn@yahoo.com,23480943825024,9426173077,49392.43
1716,Christopher Cook,stephanie@yahoo.com,23489344535679,7818599399,41244.67
1717,Tracy Burgess,thomas@yahoo.com,23480227332770,8396192882,74077.06
1718,Melissa Mayo,samantha@hotmail.com,23480486801418,7211200186,83448.91
1719,Kimberly Johnson,victoria@gmail.com,23480686291021,6940136692,3747.32
1720,Ernest Chapman,elizabeth@hotmail.com,23481458369754,6810727866,68930.86
1721,Kelly Perez,perry@yahoo.com,23481824890971,4519045785,59913.14
1722,Ashley Campos,cynthia@gmail.com,23489368460847,2930172860,87155.65
1723,David Young,brett@hotmail.com,23489900164591,4820157317,26887.68
1724,Melissa Mckee,tyrone@yahoo.com,23489304700754,7055080408,21001.5
1725,William Camacho,jennifer@hotmail.com,23481907865473,7573439658,56284.71
1726,Dawn Dean,alice@gmail.com,23489109163182,2710714118,48923.82
1727,Doris Morris,john@gmail.com,23489402629052,1492417800,50031.57
1728,Glenn Taylor,kimberly@hotmail.com,23489940877558,8769769662,95951.58
1729,Robert King,vanessa@hotmail.com,23487535679851,6093465668,23650.36
1730,Jessica Walker,stacey@yahoo.com,23480606810427,2053633420,46191.07
1731,Breanna Bell,hunter@gmail.com,23481526818051,6891236110,48351.33
1732,Edward Christensen,darryl@yahoo.com,23481343660262,2350564914,55525.24
1733,Sheena Fowler,jeremiah@gmail.com,23481609424194,5336340723,73994.53
1734,Aaron Anderson,latoya@hotmail.com,23481653863250,3956193411,73333.62
1735,Harold Rodriguez,william@yahoo.com,23487875789582,8373611114,92130.92
1736,Rebecca Farmer,david@yahoo.com,23487465780431,6213112885,42627.63
1737,Joel Bruce,karen@hotmail.com,23480436161542,5579445057,7842.69
1738,Sylvia Vargas,julie@gmail.com,23481560412945,1933998295,12815.52
1739,James Goodwin,wyatt@yahoo.com,23487325039914,7704266577,1461.09
1740,Sara Harris,craig@yahoo.com,23487583153682,3883404698,52041.91
1741,Wesley Miller,peter@yahoo.com,23480502331243,8070676290,12235.62
1742,Jennifer Garcia,jessica@gmail.com,23481720094969,7164160975,19817.02
1743,Leah Hernandez,ryan@hotmail.com,23481428105366,8788469970,86987.94
1744,Jennifer Good,mary@gmail.com,23480636656386,1851049558,11455.09
1745,Jeffrey Blair,lisa@yahoo.com,23489464881354,7416398798,88561.73
1746,Billy Anderson,timothy@gmail.com,23481550056006,6473572695,49568.93
1747,Thomas Lopez,samantha@hotmail.com,23487836332204,1512213630,62653.87
1748,Angela Dean,robin@gmail.com,23487919094911,2944697243,52506.45
1749,Anna Olsen,gary@yahoo.com,23489450125214,7878092406,14072.55
1750,Sheila Acosta,tyler@hotmail.com,23480709431623,7834027827,87434.08
1751,Jessica Mayo,martin@yahoo.com,23480249394788,5386315651,41872.92
1752,Melissa Washington,mike@yahoo.com,23481454603800,9666540904,1024.93
1753,Michael Nelson,kenneth@hotmail.com,23487509437695,7278262300,11846.57
1754,Stephanie Fisher,lauren@yahoo.com,23481519442371,9447571702,99574.86
1755,Brittany Wheeler,elizabeth@yahoo.com,23480673904893,3265654028,72022.31
1756,Curtis Kerr,maria@gmail.com,23487302227118,1069888983,88034.6
1757,Tonya Mills,christopher@yahoo.com,23487216649547,3018176579,27183.65
1758,Stephen Williams,emma@hotmail.com,23489711512082,6587745053,32306.38
1759,Gwendolyn Clark,kimberly@yahoo.com,23487786124569,6780272082,88965.55
1760,Samantha Stewart,jennifer@hotmail.com,23489200117306,9932532156,56424.66
1761,Stephanie Chase,phillip@yahoo.com,23481212005417,8621906659,16677.97
1762,Jared Gordon,belinda@gmail.com,23481134423255,5497143326,29090.66
1763,Dr. Brandy Henry DVM,richard@yahoo.com,23487128817630,9521072699,68533.89
1764,Deborah Washington,jennifer@gmail.com,23481313673270,4910446704,80301.09
1765,Megan Allen,renee@hotmail.com,23480514350655,8915949601,95204.34
1766,Ryan Reynolds,morgan@yahoo.com,23489321075169,1441280475,37188.21
1767,Dorothy Galloway,jacqueline@gmail.com,23481412572176,1962134345,60491.33
1768,Barbara Wilson,jennifer@gmail.com,23480588191420,4545308821,47263.79
1769,Mrs. Kiara Walker DDS,amber@hotmail.com,23480495837354,1595859831,21140.65
1770,Jennifer Chapman,sierra@gmail.com,23480284496457,9562190704,33084.7
1771,Elizabeth Ball,robert@yahoo.com,23489541158894,8405611782,74701.75
1772,Caitlyn Brown,tracy@yahoo.com,23487268615534,1972128295,99619.04
1773,Christopher Johnson,kristi@gmail.com,23480238660514,1378028953,92791.38
1774,Victoria Fletcher,jeffrey@gmail.com,23487613518249,8783691893,16507.4
1775,Maria Morris,michael@gmail.com,23480517677937,5520414347,71536.63
1776,Brandon Lawson,ricardo@yahoo.com,23481239513727,1185010792,47439.65
1777,Barbara Simmons,paige@yahoo.com,23481432599234,2306916015,31837.03
1778,Samantha Berry,leslie@gmail.com,23487978209248,6427666706,18004.66
1779,Thomas Duffy,carrie@hotmail.com,23487270490067,6925149894,47102.29
1780,Keith Lam,todd@hotmail.com,23489730814687,4000742597,99331.7
1781,Jacqueline Gordon,jeffrey@hotmail.com,23481639528440,4972236629,659.68
1782,Jennifer Hunt,mark@hotmail.com,23487395752497,7800879736,70176.32
1783,John Dawson,mary@hotmail.com,23481107992185,1514972684,20006.84
1784,Robert Davis,marilyn@hotmail.com,23481578600641,9141012041,9475.4
1785,Jonathan Nicholson,larry@gmail.com,23480985388850,8030447630,45913.5
1786,Lisa Gonzalez,frederick@gmail.com,23487749451237,3870048566,9561.99
1787,Cindy Ritter,ronald@gmail.com,23481664634125,6499884316,62534.78
1788,Rachel Hobbs,timothy@hotmail.com,23489711205057,3073207837,59486.0
1789,Christopher Brady,zachary@gmail.com,23487594140885,5689242601,6770.52
1790,Jennifer Bates,douglas@hotmail.com,23487718617836,8585779744,63670.72
1791,Anthony Gonzales,frederick@hotmail.com,23480891659872,4055359754,88345.98
1792,Heidi Peterson,lynn@gmail.com,23480409142921,4675905639,34561.25
1793,Jeremy Perez,david@gmail.com,23487472354161,3984852250,1511.54
1794,Scott Butler,christian@yahoo.com,23489519930083,3124315530,19344.8
1795,Richard Moore,craig@gmail.com,23481545659507,1912575226,28490.34
1796,Jesus Conrad,john@hotmail.com,23481292820522,3879771081,91159.92
1797,Andrew Gonzalez,raymond@gmail.com,23487591589232,2653821070,42673.95
1798,William Clark,donald@gmail.com,23487807681800,3094421807,72959.38
1799,Alexandra Wolfe,barbara@yahoo.com,23481850032322,2462222211,36790.75
1800,David Houston,julie@yahoo.com,23480522572507,9351054360,76722.19
1801,Bethany Peterson,cory@gmail.com,23480357370819,8338004726,93437.36
1802,Joseph Boone,monica@yahoo.com,23481393965039,3814446299,56155.12
1803,Kristen Hall,james@gmail.com,23489815817439,1558605632,64195.78
1804,Cynthia Ward,mercedes@gmail.com,23480849519028,9232151988,20338.55
1805,Matthew Perez,george@hotmail.com,23481629878254,2718866989,59304.65
1806,Cynthia Cooper,john@hotmail.com,23487918041802,5589770880,10387.33
1807,Patricia Leblanc,erica@gmail.com,23480495923044,2817174845,21722.5
1808,John Webster,kim@gmail.com,23480911101211,8242457324,17914.69
1809,Mary Reed,trevor@gmail.com,23480641589839,1438363066,56409.61
1810,Allison Hill,david@gmail.com,23489540337297,1473301871,12757.74
1811,Breanna Griffith,ricky@gmail.com,23487276994644,2979322046,52279.55
1812,Michael Smith,ronald@hotmail.com,23489322664095,2145711176,64518.53
1813,Kristin Powell,wendy@gmail.com,23480596248563,7575102757,38356.36
1814,Robert Price,lisa@yahoo.com,23480178593060,6806610347,57608.01
1815,Henry Garcia,kathryn@gmail.com,23487509262673,3363538831,85354.68
1816,John Harris,matthew@yahoo.com,23489900965698,6817218959,60517.04
1817,Nicole Jimenez,john@yahoo.com,23487308739262,1910816645,96669.22
1818,Charles Parrish,jessica@hotmail.com,23487140560232,2433400257,73752.83
1819,Maria Gardner,larry@hotmail.com,23480369085856,7190510734,61627.13
1820,Nicholas Welch,michael@gmail.com,23480861389900,2588195929,90932.05
1821,Tiffany Solis,michael@hotmail.com,23481451232074,9800965219,21009.74
1822,Troy Smith,logan@hotmail.com,23487620506264,9280782675,366.81
1823,Donna Gould,robert@yahoo.com,23487173269109,6127897303,23259.92
1824,Elizabeth Smith DDS,kathryn@yahoo.com,23480688870662,6108647286,21722.7
1825,Dana Kaufman,thomas@hotmail.com,23481866202339,7903937176,92961.76
1826,Rebecca Rivera,norman@hotmail.com,23487250598472,7522416609,61530.88
1827,Michael Terry,don@hotmail.com,23487980926449,9804130816,14419.0
1828,Matthew Porter,lisa@gmail.com,23489273265999,1477096961,47598.85
1829,Erica Cunningham,tyler@yahoo.com,23481119398359,1494728301,124.66
1830,Michele Bryant,patricia@hotmail.com,23480290306358,4844246833,7870.96
1831,Amy Jones,tamara@hotmail.com,23489233306531,7765563516,96987.22
1832,Charles Hernandez,melinda@hotmail.com,23487280875434,2025497024,13783.8
1833,Eric Joyce,eric@gmail.com,23480820901832,3285488356,80742.72
1834,Michael Moore,drew@hotmail.com,23480827334609,2183089470,42598.03
1835,Eric Melton,karen@yahoo.com,23489264815590,7032536684,47221.74
1836,Susan Pierce,jacqueline@gmail.com,23487484492979,2687430058,30325.58
1837,George Villa,john@yahoo.com,23481332650248,8265726536,76024.74
1838,Beth Sanders,patricia@yahoo.com,23480824823116,3126746095,24153.21
1839,Tommy Bryant,william@hotmail.com,23481574656314,6169317325,39385.34
1840,Deanna Todd,shane@hotmail.com,23480998186261,8030428597,77414.57
1841,Rhonda Edwards,david@gmail.com,23480519423299,1013343914,70653.83
1842,Michael Sanders,taylor@hotmail.com,23489576727072,7966945268,35563.66
1843,Sarah English,sarah@hotmail.com,23480742318110,8469337898,83881.08
1844,Brandon Perkins,robert@hotmail.com,23480152253317,3954662289,31765.5
1845,Nicole Yang,matthew@yahoo.com,23487923682643,6026110651,7912.15
1846,Brett Larson,rebecca@gmail.com,23481368113097,3926773184,60577.56
1847,Meredith Smith,jeffrey@hotmail.com,23489356130725,1715736788,21468.55
1848,Lawrence Williams,nicole@hotmail.com,23481198125433,2955139212,16695.02
1849,Loretta Moore,peter@yahoo.com,23480552778389,5132802357,63413.61
1850,Alexander Delgado,michael@hotmail.com,23480115633640,8155550288,27845.9
1851,April Rivera,phillip@hotmail.com,23489981033677,7132880644,14374.11
1852,Meghan Brown,jonathan@yahoo.com,23481830100976,1089450635,43780.6
1853,Gregory Rice,wanda@yahoo.com,23480336832921,9479858251,44220.52
1854,Cody Garrison,steve@gmail.com,23480955690804,4784972278,69540.47
1855,Dr. Kevin Carter,kayla@yahoo.com,23481877401428,9631741253,25128.85
1856,Alexandra Leon,robert@gmail.com,23481147258075,5299290068,12111.96
1857,Vickie Beasley,nathan@yahoo.com,23487650292797,4750445064,89986.24
1858,Elizabeth Porter,patricia@hotmail.com,23480975769961,3029665156,65244.0
1859,Michael Kaiser,kelly@hotmail.com,23489446474552,9664627586,17883.44
1860,Alicia Lewis,jacob@hotmail.com,23481770737907,3160997637,86627.23
1861,Bethany Jones,kristi@hotmail.com,23481681648793,4242668018,85551.69
1862,Sydney Pacheco,jesus@hotmail.com,23487559432973,4329701564,77097.4
1863,Mary Chen,tim@yahoo.com,23480349546342,5724431673,34664.56
1864,Francis Stewart,crystal@yahoo.com,23481213693493,6736690534,42465.39
1865,Kristi Daniel,julie@yahoo.com,23489447213567,7638795698,61735.72
1866,David Robertson,norma@yahoo.com,23481116100303,8144285185,87641.85
1867,Matthew Day,scott@hotmail.com,23487802219378,6383899766,92068.56
1868,Richard Hahn,david@yahoo.com,23489112864905,2970319532,19179.3
1869,Samantha Barron,anthony@gmail.com,23487328457837,8850124241,37483.17
1870,John Johnson,matthew@yahoo.com,23487336326489,3080288209,93325.93
1871,Jessica Soto,melissa@gmail.com,23480806480997,3747921408,99544.3
1872,Daniel Smith,stephanie@hotmail.com,23489797873124,5269571438,19664.02
1873,Leslie Christensen,dana@hotmail.com,23489147179086,6829105597,36163.04
1874,David Collins,debra@yahoo.com,23480334677931,1132734573,19569.37
1875,Katherine Wise,mark@gmail.com,23487423769928,7144897817,58660.22
1876,Haley Hernandez,brenda@hotmail.com,23487209321507,1383428853,32912.31
1877,Aaron Davis,cory@hotmail.com,23481370518677,9213654445,91112.97
1878,Sandra Sanchez,ricardo@yahoo.com,23480744102442,6046381494,91589.13
1879,Jennifer Austin,kimberly@hotmail.com,23489777395712,6717441860,50329.06
1880,Devin Ballard,janet@yahoo.com,23487827890137,7825337991,1398.15
1881,Dr. Jeffrey Burgess,sara@hotmail.com,23481456532271,6481439687,27375.48
1882,Natalie Reed,daniel@yahoo.com,23481782205574,1818503364,64757.09
1883,Becky Burton,gabrielle@gmail.com,23489815509975,8309328395,64203.24
1884,Mrs. Miranda Martinez,victoria@hotmail.com,23487172492053,5823081903,39889.57
1885,Kathleen Johnson,cody@yahoo.com,23489118950252,8710896127,99574.21
1886,Stephanie James,andrew@yahoo.com,23487510568162,6785311561,70456.02
1887,Adam Houston,amanda@hotmail.com,23481640543154,5330765328,27489.97
1888,Jessica Wilson,arthur@yahoo.com,23480349758689,5926890511,5816.98
1889,Natasha Adams,mary@hotmail.com,23480761799351,3924542318,57260.87
1890,Jeffrey Hayes,juan@hotmail.com,23480431623688,5993358302,3139.61
1891,Alyssa Baker,sarah@gmail.com,23481892328358,7385863902,71831.15
1892,Jasmine Ortega,jeffrey@gmail.com,23487913086431,2265841695,47133.85
1893,Laura Monroe DVM,cassidy@gmail.com,23481765468920,2949306060,60793.87
1894,Jessica Robbins,laura@yahoo.com,23480164341850,6228372352,45502.62
1895,Stephanie Cooper,erin@hotmail.com,23481502141680,1530152576,17459.72
1896,Mark Pineda,michael@gmail.com,23487418487640,7392485211,75018.61
1897,Christine Miller,andrea@gmail.com,23481262855048,5316829737,64790.09
1898,Sarah Torres,cheryl@yahoo.com,23487319457073,4582475407,54604.17
1899,Samantha Pruitt,joseph@hotmail.com,23480355619239,5509294947,10478.34
1900,Mandy Kelly,allen@hotmail.com,23487893769688,5886464965,37016.43
1901,Ethan Hayes,sharon@yahoo.com,23489244168106,9069049958,61330.76
1902,Robert Nolan Jr.,steven@hotmail.com,23489440954543,3408399111,71359.71
1903,Erin Santana,dana@yahoo.com,23480659282971,5096047004,70593.39
1904,Jenna Foster,ashley@gmail.com,23487795834545,8358125511,17773.08
1905,Ryan Weaver,stephanie@gmail.com,23489905897904,4148439236,85109.22
1906,Michelle Carter,jennifer@gmail.com,23480345897637,4943895991,8374.18
1907,Brandi Owens,samantha@gmail.com,23489468001834,2248985201,83423.04
1908,Cheryl Richard,stephen@hotmail.com,23481320994787,5432993319,12030.73
1909,Rebecca Goodman,deborah@gmail.com,23480814044769,9301891589,44393.46
1910,Chad Huber,eric@gmail.com,23481960552321,6953859063,71088.03
1911,Roberta Hawkins,justin@yahoo.com,23481752902881,4883349761,31492.23
1912,Courtney Dickson,cody@yahoo.com,23487659926223,9130517572,85803.24
1913,Rebecca Harris,julia@yahoo.com,23489297080451,9247171004,27820.07
1914,Natasha Alvarez,brandi@gmail.com,23487776223826,7859229401,85272.33
1915,Steven Murphy,william@yahoo.com,23480169381847,9057068336,65545.01
1916,Kimberly Quinn,henry@gmail.com,23487175145733,4297076131,73771.62
1917,Yvette Peterson,antonio@yahoo.com,23481155949312,2073829642,33333.23
1918,Tammy Morgan,timothy@gmail.com,23481319279570,6151912812,67231.89
1919,Megan Hill,jasmine@hotmail.com,23481198525897,2309948279,89976.68
1920,Maureen Smith,julie@gmail.com,23481736332312,6082544784,89783.87
1921,Jennifer Miller,michael@hotmail.com,23481353736066,8876335861,17004.43
1922,Meagan Collier,jennifer@yahoo.com,23480557671519,1412498542,98628.4
1923,Travis Garcia,joseph@gmail.com,23487434430817,7556574228,72241.34
1924,Mrs. Angela Richards MD,austin@yahoo.com,23481874891307,8276247494,36689.03
1925,Shane Holt,joseph@hotmail.com,23481362986175,6830671474,1515.7
1926,Joshua Green,heather@gmail.com,23487289446179,6816218289,66483.08
1927,William Anderson,jasmine@yahoo.com,23481425451904,7298795267,41696.23
1928,Donna Lindsey,elizabeth@gmail.com,23489718928228,9424350379,66805.47
1929,Lisa Ortiz,sheila@gmail.com,23487782474359,2981199619,6242.19
1930,Peter Gibson,ricardo@hotmail.com,23481391908293,8588218088,19374.7
1931,Anthony Taylor,sherry@hotmail.com,23487185916488,9189853166,76153.18
1932,Stuart Thomas,brenda@hotmail.com,23489527611745,4378559057,14836.64
1933,Logan Johnson,roy@yahoo.com,23487280137414,2602500198,26736.93
1934,Charles Bradley,john@hotmail.com,23487573923944,9065112088,17341.26
1935,Victoria Nunez,joseph@yahoo.com,23487642553751,8924675684,4546.39
1936,Stephanie Odonnell,donald@gmail.com,23487916392182,5835857609,60892.05
1937,Michael Gonzalez,kenneth@hotmail.com,23481980042882,3877968405,68902.8
1938,Nicholas Butler,sheryl@gmail.com,23487121271982,7519795910,40984.23
1939,Mary Chapman,tiffany@yahoo.com,23487558914339,4604328146,63566.44
1940,Kelsey Smith,maurice@yahoo.com,23480914817912,1363608048,84228.19
1941,Beth Martin,rhonda@hotmail.com,23489739073265,5754738881,94114.88
1942,Troy Thomas,erin@hotmail.com,23481693620463,3552669535,31185.34
1943,Carl Galvan,joan@hotmail.com,23481376264887,8825173287,56099.88
1944,Bruce Williams,zachary@gmail.com,23487597841726,7723528199,11859.69
1945,Nathan Jones,tara@hotmail.com,23489587052625,8261041225,46678.6
1946,Wendy Riley,lisa@hotmail.com,23489502810902,4712200911,83626.95
1947,Terry Flores,tyler@gmail.com,23487177244613,4079282743,8700.91
1948,Crystal Hardin,adam@hotmail.com,23489246733633,4013231659,93034.26
1949,Jennifer Rivera,carl@hotmail.com,23487310148188,3217337132,8907.38
1950,Stacy Parsons,chris@hotmail.com,23481303609169,9449396649,91809.31
1951,Andrea Oconnor,janice@gmail.com,23480113780688,1585845375,18331.85
1952,Jennifer Leonard,heather@gmail.com,23489627694409,5959722992,8733.12
1953,Andre Murphy,ralph@yahoo.com,23487546483500,7993235236,31818.38
1954,Micheal Rodriguez,timothy@hotmail.com,23487896924722,5022370931,62699.83
1955,Jessica Evans,roberto@yahoo.com,23489512357040,8755065294,2108.73
1956,Leah Porter,patrick@hotmail.com,23487430509354,1861999412,17016.65
1957,Alexander Hernandez,charles@hotmail.com,23480538932325,1288372981,1142.83
1958,Karen Mahoney,angela@gmail.com,23480233656706,4779137718,63830.77
1959,Alexandra Peterson,tiffany@gmail.com,23487707317600,3232620908,46088.87
1960,Margaret Berry,meghan@gmail.com,23481308550942,2061742064,87732.12
1961,Charles Saunders,angela@yahoo.com,23487374081636,5739956073,94329.41
1962,Justin Henry,victoria@gmail.com,23489647187810,7467381113,30847.45
1963,Joshua Nelson,karen@gmail.com,23487781804304,2678103394,68120.97
1964,Marie Francis,sara@gmail.com,23489847813304,4977330607,94271.48
1965,David Gonzalez,cassidy@yahoo.com,23480798905354,6583130018,86472.13
1966,Michael Mann,jeffrey@hotmail.com,23487555309840,5824092354,74766.1
1967,Jason Olson,erin@hotmail.com,23481360224411,1093019873,73837.24
1968,George Ray,jeremy@gmail.com,23487137052221,2033720874,31117.66
1969,Amanda Washington,ashley@gmail.com,23489777480312,6155468456,37993.11
1970,Sean Valencia,jessica@gmail.com,23480848904238,7358555069,28778.95
1971,Jason Bates,steven@yahoo.com,23481380601699,7823688564,27968.44
1972,Janet Cochran,matthew@hotmail.com,23487831289574,6476862198,56547.49
1973,Carol Morris,leslie@gmail.com,23481373039702,4435351920,41456.88
1974,Daniel Flores,howard@hotmail.com,23481746552918,7287676222,83544.0
1975,Juan Ellis,ronald@gmail.com,23481113247168,8788895724,27352.66
1976,John Leblanc,david@yahoo.com,23480927825086,1636370429,20002.54
1977,Regina Howard,leonard@gmail.com,23480791916428,6512256472,97929.89
1978,Susan Montgomery,william@gmail.com,23487526991604,2672586542,26009.47
1979,Ashley Townsend,vincent@hotmail.com,23480656774907,7788359341,44015.87
1980,Andrea Johnson,andrew@hotmail.com,23481554133586,9736322281,9331.96
1981,Rachel Hernandez,erica@hotmail.com,23481990936811,2909024435,35579.79
1982,Melissa Pennington,grant@yahoo.com,23487371518421,5893271373,36424.96
1983,Brandon Gonzalez,erik@hotmail.com,23489637565427,7263566321,77259.82
1984,Nicole Huerta,amanda@gmail.com,23487729298362,5974923010,52351.97
1985,Renee Marquez,charles@hotmail.com,23489888055028,6200261098,82967.06
1986,Erica Hamilton,scott@hotmail.com,23487907950191,7550064137,68735.28
1987,Paige Jarvis,kimberly@yahoo.com,23480217332137,3203512161,17130.42
1988,Brent Gardner,susan@hotmail.com,23489974270684,5945236997,94971.55
1989,Tina Armstrong,joe@gmail.com,23481388859459,7713668526,58563.78
1990,Sara Martin,christopher@hotmail.com,23481903470543,5896431504,15654.85
1991,Jennifer Little,jeffery@hotmail.com,23487850555192,8122962522,56914.26
1992,Steven Sanchez,lauren@yahoo.com,23489106893748,9261270535,99376.19
1993,Jennifer Douglas,cassandra@gmail.com,23481976591420,7372634805,43441.95
1994,Donna Richards,brendan@gmail.com,23487101694991,9429109595,64636.2
1995,Kyle Carney,john@gmail.com,23480174991729,2113367267,68233.57
1996,Richard Acosta,judy@hotmail.com,23487663673646,8291861073,28940.03
1997,Benjamin Le,angel@gmail.com,23487802786783,7789160970,34283.9
1998,Stephanie Reed,samuel@hotmail.com,23489887098105,8859301687,96852.2
1999,Laura Fox,yolanda@gmail.com,23487283217137,1290210829,55205.96
2000,Michael Berry DVM,james@yahoo.com,23481502278868,4147684913,74338.87
